id,first_name,last_name,email,gender,subscription,date_time
1,Roger,Iggalden,riggalden0@nationalgeographic.com,Male,basic,4/11/2024
2,Crissie,Ineson,cineson1@mlb.com,Female,basic,11/26/2023
3,Forster,Sexon,fsexon2@theglobeandmail.com,Male,premium,8/5/2024
4,Zorana,Kintish,zkintish3@bizjournals.com,Female,basic,5/25/2024
5,Hasty,O'Mullaney,homullaney4@unesco.org,Male,basic,4/19/2024
6,Amara,Luquet,aluquet5@sfgate.com,Female,basic,5/17/2024
7,Josephine,Spratt,jspratt6@yelp.com,Female,basic,3/15/2024
8,Tabb,Doncom,tdoncom7@yale.edu,Male,basic,12/17/2023
9,Joanne,Bodd,jbodd8@istockphoto.com,Female,basic,1/14/2024
10,Rae,Arter,rarter9@meetup.com,Female,basic,11/25/2023
11,Gram,Bettlestone,gbettlestonea@hp.com,Male,basic,9/24/2024
12,Mortimer,Copins,mcopinsb@ehow.com,Male,basic,7/3/2024
13,Babs,Goodlife,bgoodlifec@wisc.edu,Female,basic,7/22/2024
14,Byran,Luto,blutod@abc.net.au,Male,premium,11/29/2023
15,Morse,Appleton,mappletone@va.gov,Male,basic,6/23/2024
16,Hamlin,Flemming,hflemmingf@fda.gov,Genderfluid,basic,11/12/2023
17,Lowe,McParlin,lmcparling@theatlantic.com,Male,basic,7/5/2024
18,Gipsy,Laven,glavenh@fotki.com,Female,basic,11/20/2023
19,Chauncey,Grinvalds,cgrinvaldsi@hubpages.com,Agender,basic,9/21/2024
20,Hanni,Spir,hspirj@blogs.com,Female,basic,8/22/2024
21,Beryle,Shera,bsherak@nydailynews.com,Female,premium,7/28/2024
22,Will,Stammers,wstammersl@bandcamp.com,Male,basic,3/29/2024
23,Burt,Shergill,bshergillm@thetimes.co.uk,Male,basic,7/8/2024
24,Seymour,Ahern,sahernn@163.com,Male,basic,5/7/2024
25,Keelby,Leverson,kleversono@gov.uk,Male,premium,11/19/2023
26,Vally,Ledram,vledramp@indiegogo.com,Female,premium,11/2/2024
27,Alena,Burley,aburleyq@4shared.com,Female,premium,7/25/2024
28,Anderson,Bradburn,abradburnr@icio.us,Male,basic,10/31/2024
29,Conrad,Dewar,cdewars@51.la,Male,premium,3/16/2024
30,Casandra,Caird,ccairdt@twitpic.com,Female,premium,7/23/2024
31,Mellisent,Caddock,mcaddocku@51.la,Female,premium,5/22/2024
32,Beatriz,Aglione,baglionev@blogspot.com,Female,basic,6/20/2024
33,Farrand,MacCoughen,fmaccoughenw@cmu.edu,Bigender,premium,6/7/2024
34,Maddi,Handsheart,mhandsheartx@youku.com,Female,basic,11/28/2023
35,Rafaello,O'Dulchonta,rodulchontay@disqus.com,Non-binary,basic,6/7/2024
36,Lanny,Ahrenius,lahreniusz@canalblog.com,Male,premium,1/6/2024
37,Ignazio,Taile,itaile10@cpanel.net,Male,premium,9/1/2024
38,Nicolina,Briamo,nbriamo11@wsj.com,Female,premium,9/9/2024
39,Lebbie,St. Paul,lstpaul12@webnode.com,Female,basic,2/3/2024
40,Michale,Buxy,mbuxy13@linkedin.com,Male,basic,3/4/2024
41,Delora,Argontt,dargontt14@wp.com,Female,basic,5/20/2024
42,Claus,Ivers,civers15@webnode.com,Male,basic,11/18/2023
43,Ethelred,Euesden,eeuesden16@parallels.com,Male,basic,3/2/2024
44,Patsy,Neggrini,pneggrini17@blog.com,Male,premium,2/27/2024
45,Breena,Deguara,bdeguara18@ow.ly,Female,premium,4/22/2024
46,Mag,Jachimiak,mjachimiak19@zimbio.com,Female,basic,10/12/2024
47,Grace,Peplaw,gpeplaw1a@addtoany.com,Male,premium,6/12/2024
48,Cammy,Trenfield,ctrenfield1b@bing.com,Female,basic,12/7/2023
49,Fanchette,Coggen,fcoggen1c@tripod.com,Female,premium,3/11/2024
50,Vivi,Lude,vlude1d@symantec.com,Female,premium,12/19/2023
51,Noni,Flacke,nflacke1e@auda.org.au,Female,premium,12/2/2023
52,Link,Spain-Gower,lspaingower1f@delicious.com,Male,basic,11/22/2023
53,Estrella,Nevin,enevin1g@washingtonpost.com,Female,premium,5/12/2024
54,Jasmina,Birchett,jbirchett1h@google.cn,Bigender,basic,7/13/2024
55,Schuyler,MacGillacolm,smacgillacolm1i@blinklist.com,Male,basic,12/8/2023
56,Garner,Rushmare,grushmare1j@indiegogo.com,Male,premium,6/25/2024
57,Helsa,Bartoszewicz,hbartoszewicz1k@theguardian.com,Female,basic,3/12/2024
58,Odo,Helstrom,ohelstrom1l@nytimes.com,Male,premium,8/3/2024
59,Winnah,Ammer,wammer1m@creativecommons.org,Female,basic,5/12/2024
60,Zebadiah,Riba,zriba1n@mysql.com,Male,basic,3/29/2024
61,Rad,Croll,rcroll1o@bloglovin.com,Male,premium,3/16/2024
62,Pryce,Shasnan,pshasnan1p@usgs.gov,Male,basic,10/26/2024
63,Elli,Chucks,echucks1q@issuu.com,Genderfluid,premium,1/18/2024
64,Cord,Lemmers,clemmers1r@dailymail.co.uk,Male,premium,8/11/2024
65,Ketty,Seilmann,kseilmann1s@abc.net.au,Female,basic,11/29/2023
66,Conn,MacNeilly,cmacneilly1t@quantcast.com,Male,basic,5/14/2024
67,Andros,McGee,amcgee1u@java.com,Male,basic,12/26/2023
68,Berton,Hambrick,bhambrick1v@mashable.com,Male,basic,1/6/2024
69,Merrick,Camerana,mcamerana1w@arstechnica.com,Male,basic,10/7/2024
70,Veronika,Aimer,vaimer1x@mtv.com,Female,premium,7/22/2024
71,Cointon,Osanne,cosanne1y@hibu.com,Male,basic,11/5/2023
72,Frederick,O'Shea,foshea1z@biblegateway.com,Male,premium,11/28/2023
73,Bendick,Hamor,bhamor20@e-recht24.de,Male,premium,9/22/2024
74,Grady,Daile,gdaile21@bizjournals.com,Male,premium,4/10/2024
75,Ashlen,Harries,aharries22@wp.com,Polygender,premium,1/1/2024
76,Diannne,Shewring,dshewring23@4shared.com,Female,premium,6/6/2024
77,Lacey,Litt,llitt24@symantec.com,Female,basic,8/22/2024
78,Brooke,Blower,bblower25@diigo.com,Male,premium,8/24/2024
79,Jenifer,Whitman,jwhitman26@yelp.com,Female,basic,5/27/2024
80,Ardyce,Clulow,aclulow27@ucoz.ru,Non-binary,premium,10/16/2024
81,Pieter,Jenk,pjenk28@exblog.jp,Male,basic,1/17/2024
82,Morgen,McMonies,mmcmonies29@google.com,Male,basic,11/17/2023
83,Tybi,Brilleman,tbrilleman2a@altervista.org,Female,basic,11/20/2023
84,Gilles,Pelman,gpelman2b@shinystat.com,Male,basic,4/11/2024
85,Cirillo,Walduck,cwalduck2c@arizona.edu,Male,basic,11/4/2024
86,Sella,Yoxall,syoxall2d@go.com,Female,premium,3/8/2024
87,Mabelle,Brockett,mbrockett2e@opera.com,Female,premium,8/10/2024
88,Melva,Tumilson,mtumilson2f@github.com,Genderqueer,premium,11/29/2023
89,Catlee,Kilalea,ckilalea2g@oaic.gov.au,Female,premium,12/6/2023
90,Conn,Wratten,cwratten2h@moonfruit.com,Male,basic,2/8/2024
91,Bibby,Crowder,bcrowder2i@nymag.com,Female,basic,11/13/2023
92,Libbi,Waycot,lwaycot2j@si.edu,Female,basic,12/18/2023
93,Adolphus,Forshaw,aforshaw2k@japanpost.jp,Male,premium,8/30/2024
94,Forster,Considine,fconsidine2l@blogs.com,Male,premium,9/18/2024
95,Fee,Sleightholme,fsleightholme2m@cbsnews.com,Male,basic,5/26/2024
96,Althea,Itschakov,aitschakov2n@yellowpages.com,Female,premium,3/17/2024
97,Dinny,Pimley,dpimley2o@scribd.com,Polygender,premium,4/25/2024
98,Mitchell,Saile,msaile2p@exblog.jp,Non-binary,basic,9/25/2024
99,Barbara-anne,Scriver,bscriver2q@kickstarter.com,Non-binary,basic,8/15/2024
100,Dannel,Kerbey,dkerbey2r@free.fr,Male,premium,8/6/2024
101,Monti,McPartling,mmcpartling2s@1688.com,Male,basic,1/17/2024
102,Enrika,Lagneaux,elagneaux2t@usda.gov,Female,basic,3/22/2024
103,Othilie,Buxsey,obuxsey2u@bloglovin.com,Female,premium,10/19/2024
104,Abbie,Ingre,aingre2v@slashdot.org,Male,basic,10/20/2024
105,Mahmoud,Fretson,mfretson2w@addthis.com,Male,basic,8/24/2024
106,Freddy,Speck,fspeck2x@unesco.org,Female,basic,10/4/2024
107,Delmer,Boor,dboor2y@pbs.org,Male,basic,8/15/2024
108,Isaak,Guerola,iguerola2z@google.co.jp,Male,basic,10/3/2024
109,Grete,Baudins,gbaudins30@state.gov,Female,premium,9/11/2024
110,Vikky,Handling,vhandling31@odnoklassniki.ru,Female,basic,1/22/2024
111,Cherey,Gristhwaite,cgristhwaite32@free.fr,Genderqueer,basic,10/14/2024
112,Paola,Fawlkes,pfawlkes33@chron.com,Female,premium,4/29/2024
113,Jacintha,Tivnan,jtivnan34@pbs.org,Female,premium,2/27/2024
114,Hinze,Bushell,hbushell35@accuweather.com,Male,premium,8/23/2024
115,Dela,Crampsey,dcrampsey36@aol.com,Bigender,basic,8/2/2024
116,Celie,Hasslocher,chasslocher37@webeden.co.uk,Genderqueer,premium,1/1/2024
117,Karena,Linsley,klinsley38@wufoo.com,Female,premium,5/28/2024
118,Ram,Crudgington,rcrudgington39@mapquest.com,Male,basic,1/12/2024
119,Hubie,Halfhyde,hhalfhyde3a@indiatimes.com,Male,premium,8/5/2024
120,Beryle,Drummond,bdrummond3b@whitehouse.gov,Female,premium,3/9/2024
121,Toby,Schrieves,tschrieves3c@cbc.ca,Male,basic,12/13/2023
122,Burnaby,Lambert,blambert3d@squidoo.com,Male,premium,3/24/2024
123,Amble,Pache,apache3e@paginegialle.it,Genderqueer,basic,5/13/2024
124,Morie,Piatkow,mpiatkow3f@squidoo.com,Male,premium,3/9/2024
125,Jaclin,O'Connel,joconnel3g@ameblo.jp,Female,basic,12/1/2023
126,Caz,Melia,cmelia3h@rediff.com,Male,basic,2/26/2024
127,Yuma,Beck,ybeck3i@oakley.com,Male,premium,5/4/2024
128,Shepherd,Bernardt,sbernardt3j@opensource.org,Male,basic,10/9/2024
129,Aurthur,Petters,apetters3k@arizona.edu,Male,basic,7/16/2024
130,Emelina,Izakoff,eizakoff3l@blinklist.com,Female,basic,11/16/2023
131,Sasha,Grissett,sgrissett3m@blinklist.com,Male,premium,4/28/2024
132,Sileas,Preddy,spreddy3n@cyberchimps.com,Female,basic,10/14/2024
133,Guthrie,Fosher,gfosher3o@stanford.edu,Male,basic,8/4/2024
134,Antonina,Shelborne,ashelborne3p@shop-pro.jp,Female,premium,4/28/2024
135,Anjanette,Towle,atowle3q@wikipedia.org,Female,premium,10/10/2024
136,Drusilla,Clayden,dclayden3r@reddit.com,Female,premium,4/5/2024
137,Paco,Muldoon,pmuldoon3s@loc.gov,Non-binary,premium,6/18/2024
138,Chantal,Carine,ccarine3t@npr.org,Female,premium,6/15/2024
139,Banky,Gallaher,bgallaher3u@reference.com,Male,basic,5/26/2024
140,Kellia,Lightoller,klightoller3v@loc.gov,Female,premium,1/23/2024
141,Maddalena,Salman,msalman3w@bing.com,Female,premium,5/3/2024
142,Daphene,McKevany,dmckevany3x@sogou.com,Female,basic,11/18/2023
143,Clevey,Leithgoe,cleithgoe3y@about.me,Male,basic,5/23/2024
144,Brewster,Tossell,btossell3z@buzzfeed.com,Non-binary,basic,4/14/2024
145,Celie,Maclean,cmaclean40@taobao.com,Female,basic,12/19/2023
146,Briny,Jertz,bjertz41@nhs.uk,Female,basic,9/17/2024
147,Nappie,Mould,nmould42@tinypic.com,Male,basic,4/1/2024
148,Meier,Andriveaux,mandriveaux43@state.tx.us,Male,basic,9/8/2024
149,Rhianon,Ekkel,rekkel44@redcross.org,Female,premium,3/13/2024
150,Giffy,Stanwix,gstanwix45@businessweek.com,Male,basic,10/30/2024
151,Jolee,Smalman,jsmalman46@flickr.com,Female,basic,4/13/2024
152,Colette,Bonnar,cbonnar47@google.fr,Female,basic,6/3/2024
153,Chuck,Fissenden,cfissenden48@bandcamp.com,Male,basic,2/25/2024
154,Eartha,Rouff,erouff49@microsoft.com,Female,basic,4/18/2024
155,Neale,Manilove,nmanilove4a@army.mil,Male,premium,6/24/2024
156,Joann,Camell,jcamell4b@virginia.edu,Female,premium,12/17/2023
157,Levy,Blick,lblick4c@phpbb.com,Male,premium,4/25/2024
158,Shaine,Grimmett,sgrimmett4d@dmoz.org,Male,basic,7/8/2024
159,Hedwig,McMurty,hmcmurty4e@tripod.com,Female,premium,3/12/2024
160,Zak,Izakovitz,zizakovitz4f@naver.com,Male,premium,9/28/2024
161,Antonin,Fardell,afardell4g@amazon.com,Male,premium,4/27/2024
162,Gerald,Hadgraft,ghadgraft4h@google.co.jp,Male,premium,8/31/2024
163,Katinka,Ranscombe,kranscombe4i@cnn.com,Female,basic,4/29/2024
164,Gerianne,Eilhertsen,geilhertsen4j@craigslist.org,Female,premium,6/14/2024
165,Dorthea,Zamboniari,dzamboniari4k@clickbank.net,Female,basic,9/3/2024
166,Ignace,Matthewman,imatthewman4l@domainmarket.com,Male,premium,10/24/2024
167,Randall,Cristofari,rcristofari4m@phpbb.com,Agender,premium,7/28/2024
168,Pen,Poutress,ppoutress4n@statcounter.com,Male,premium,9/16/2024
169,Will,Roj,wroj4o@wsj.com,Male,premium,8/26/2024
170,Bradney,Kupper,bkupper4p@rambler.ru,Male,basic,1/31/2024
171,Pincas,Duiged,pduiged4q@symantec.com,Male,basic,2/29/2024
172,Whitman,Coulling,wcoulling4r@mashable.com,Male,premium,5/19/2024
173,Ford,Skellern,fskellern4s@tuttocitta.it,Male,basic,4/1/2024
174,Kahlil,Garley,kgarley4t@state.tx.us,Male,premium,10/6/2024
175,Clemmie,Bamford,cbamford4u@domainmarket.com,Male,premium,12/5/2023
176,Cale,Julian,cjulian4v@g.co,Male,basic,11/8/2023
177,Eward,Bonhomme,ebonhomme4w@mac.com,Male,premium,3/29/2024
178,Cody,Sleany,csleany4x@xrea.com,Female,premium,12/8/2023
179,Reed,Rawlinson,rrawlinson4y@ted.com,Non-binary,basic,6/1/2024
180,Laurene,Yewdale,lyewdale4z@salon.com,Female,basic,10/22/2024
181,Engelbert,Catterick,ecatterick50@cocolog-nifty.com,Male,premium,11/3/2024
182,Corrina,Cossentine,ccossentine51@ca.gov,Female,premium,9/16/2024
183,Xylia,Olech,xolech52@cbc.ca,Non-binary,basic,1/4/2024
184,Egor,Fierro,efierro53@tamu.edu,Male,basic,8/11/2024
185,Dennie,Kippins,dkippins54@tinypic.com,Male,basic,10/13/2024
186,Elizabeth,Lannon,elannon55@qq.com,Female,basic,7/9/2024
187,Melony,McInteer,mmcinteer56@taobao.com,Polygender,premium,2/13/2024
188,Dalis,Paradise,dparadise57@bloomberg.com,Male,basic,10/2/2024
189,Halie,Vidyapin,hvidyapin58@homestead.com,Female,premium,6/12/2024
190,Trix,Epsley,tepsley59@cdc.gov,Female,premium,1/27/2024
191,Derward,Raggatt,draggatt5a@purevolume.com,Male,basic,1/7/2024
192,Dawn,Wallis,dwallis5b@cocolog-nifty.com,Polygender,basic,6/3/2024
193,Neddie,Roubert,nroubert5c@si.edu,Non-binary,premium,7/7/2024
194,Valdemar,Spilstead,vspilstead5d@google.co.jp,Male,premium,4/3/2024
195,Dacie,Houlson,dhoulson5e@networksolutions.com,Female,premium,5/11/2024
196,Lockwood,McPaike,lmcpaike5f@studiopress.com,Male,premium,4/13/2024
197,Gerhard,Stopp,gstopp5g@wikia.com,Male,basic,2/25/2024
198,Bendicty,Chicken,bchicken5h@wikimedia.org,Male,premium,12/21/2023
199,Newton,Eskell,neskell5i@webmd.com,Male,basic,7/15/2024
200,Jobie,Shitliff,jshitliff5j@va.gov,Female,basic,8/24/2024
201,Rockey,Lycett,rlycett5k@amazon.com,Male,basic,10/10/2024
202,Karoly,Lilleman,klilleman5l@photobucket.com,Male,basic,5/12/2024
203,Ellwood,Stearley,estearley5m@gnu.org,Male,basic,8/25/2024
204,Wilona,Ianno,wianno5n@imdb.com,Female,basic,5/30/2024
205,Kimmy,O'Connell,koconnell5o@dyndns.org,Female,premium,1/19/2024
206,Judie,Hannum,jhannum5p@de.vu,Female,premium,10/1/2024
207,Dionne,Clymer,dclymer5q@scribd.com,Female,premium,1/16/2024
208,Liv,Hallor,lhallor5r@google.ca,Female,basic,7/9/2024
209,Geoff,Pavie,gpavie5s@blogger.com,Male,premium,2/27/2024
210,Arlina,McMeekan,amcmeekan5t@dmoz.org,Female,premium,8/6/2024
211,Koral,Kenvin,kkenvin5u@webnode.com,Female,basic,11/25/2023
212,Godfree,Twidle,gtwidle5v@gravatar.com,Male,premium,6/12/2024
213,Poppy,Bryett,pbryett5w@ovh.net,Female,premium,12/12/2023
214,Carolyn,Gayton,cgayton5x@vimeo.com,Female,basic,7/1/2024
215,Cate,Sketcher,csketcher5y@squarespace.com,Female,basic,2/15/2024
216,Kirk,Treend,ktreend5z@nba.com,Genderqueer,premium,6/14/2024
217,Etan,Croster,ecroster60@purevolume.com,Male,premium,10/7/2024
218,Galvan,Duncklee,gduncklee61@live.com,Male,basic,12/12/2023
219,Beitris,Cathrae,bcathrae62@parallels.com,Genderqueer,premium,2/12/2024
220,Orella,Baskeyfield,obaskeyfield63@cbc.ca,Female,basic,12/24/2023
221,Nerti,Olle,nolle64@w3.org,Female,basic,6/15/2024
222,Antonie,Boulder,aboulder65@archive.org,Female,premium,3/22/2024
223,Isiahi,Pogosian,ipogosian66@indiegogo.com,Male,basic,3/3/2024
224,Sean,Biesty,sbiesty67@skyrock.com,Male,basic,3/5/2024
225,Myrtle,Barhims,mbarhims68@creativecommons.org,Polygender,premium,4/14/2024
226,Jethro,Collidge,jcollidge69@bloomberg.com,Male,premium,7/3/2024
227,Rozamond,Schumacher,rschumacher6a@senate.gov,Female,basic,10/17/2024
228,Sherman,Forsey,sforsey6b@xrea.com,Male,basic,12/20/2023
229,Winonah,Ginsie,wginsie6c@gnu.org,Female,basic,8/18/2024
230,Victoir,De Brett,vdebrett6d@comsenz.com,Male,basic,9/24/2024
231,Leone,Matiebe,lmatiebe6e@dell.com,Female,basic,11/13/2023
232,Georgeanna,Convery,gconvery6f@edublogs.org,Non-binary,premium,8/2/2024
233,Austina,Favelle,afavelle6g@npr.org,Female,premium,8/29/2024
234,Prentice,Robardet,probardet6h@businessweek.com,Male,premium,7/1/2024
235,Raphaela,Clawley,rclawley6i@godaddy.com,Female,basic,9/24/2024
236,Sarine,Zimmer,szimmer6j@psu.edu,Female,premium,3/7/2024
237,Herb,Vasilyevski,hvasilyevski6k@issuu.com,Male,premium,1/25/2024
238,Leia,Mattingly,lmattingly6l@tinypic.com,Female,basic,5/23/2024
239,Leilah,Czaple,lczaple6m@smugmug.com,Female,premium,7/11/2024
240,Cornelle,Lidgett,clidgett6n@google.de,Female,premium,3/28/2024
241,Larry,Philipet,lphilipet6o@thetimes.co.uk,Male,premium,4/22/2024
242,Kalli,Crecy,kcrecy6p@gravatar.com,Female,premium,7/14/2024
243,Sergei,Umney,sumney6q@berkeley.edu,Male,basic,4/30/2024
244,Warren,Cardnell,wcardnell6r@google.com.br,Male,premium,5/11/2024
245,Clarke,MacCallister,cmaccallister6s@china.com.cn,Male,basic,1/8/2024
246,Amara,Ivshin,aivshin6t@mysql.com,Female,basic,2/24/2024
247,Bartholemy,Shellcross,bshellcross6u@simplemachines.org,Male,basic,8/5/2024
248,Inigo,Gedney,igedney6v@feedburner.com,Polygender,premium,9/28/2024
249,Engelbert,Drake,edrake6w@biglobe.ne.jp,Male,premium,1/12/2024
250,Gloriane,Helm,ghelm6x@ow.ly,Female,basic,10/26/2024
251,Demetre,Maypother,dmaypother6y@ftc.gov,Male,basic,11/25/2023
252,Ravi,Debold,rdebold6z@hhs.gov,Male,premium,6/10/2024
253,Arlen,MacFarlane,amacfarlane70@artisteer.com,Female,premium,6/6/2024
254,Glynnis,Horstead,ghorstead71@edublogs.org,Female,premium,6/28/2024
255,Kali,Nucator,knucator72@artisteer.com,Female,premium,9/24/2024
256,Hillyer,Buffey,hbuffey73@barnesandnoble.com,Male,premium,4/19/2024
257,Lorrie,Iapico,liapico74@themeforest.net,Male,basic,5/20/2024
258,Jeff,Northam,jnortham75@gmpg.org,Male,premium,1/5/2024
259,Kippar,Hekkert,khekkert76@cloudflare.com,Male,basic,10/15/2024
260,Enrico,Brookshaw,ebrookshaw77@latimes.com,Male,basic,1/7/2024
261,Dede,Pryell,dpryell78@usda.gov,Female,premium,11/5/2023
262,Brandy,Otteridge,botteridge79@joomla.org,Male,premium,12/17/2023
263,Frederich,Stiffkins,fstiffkins7a@woothemes.com,Agender,basic,4/7/2024
264,Dougie,Tours,dtours7b@netscape.com,Male,basic,2/8/2024
265,Farrand,Lehrian,flehrian7c@free.fr,Female,premium,4/21/2024
266,Raul,Corking,rcorking7d@wikipedia.org,Male,premium,3/1/2024
267,Marlene,Bartholat,mbartholat7e@ted.com,Female,basic,4/24/2024
268,Saleem,Bernardin,sbernardin7f@goo.ne.jp,Male,basic,9/27/2024
269,Broderic,McPike,bmcpike7g@themeforest.net,Male,basic,1/19/2024
270,Case,Foli,cfoli7h@github.com,Genderfluid,premium,5/6/2024
271,Rickard,Cahani,rcahani7i@shop-pro.jp,Male,basic,1/24/2024
272,Faber,Boddice,fboddice7j@blogtalkradio.com,Male,basic,9/30/2024
273,Duffie,Linning,dlinning7k@free.fr,Male,premium,12/17/2023
274,Dougie,Millwall,dmillwall7l@usa.gov,Male,premium,5/14/2024
275,Luke,Rolingson,lrolingson7m@reddit.com,Male,basic,4/21/2024
276,Tracey,Houston,thouston7n@furl.net,Female,premium,3/20/2024
277,Waylen,Iacovolo,wiacovolo7o@diigo.com,Male,premium,11/2/2024
278,Elia,Leser,eleser7p@unc.edu,Male,premium,1/13/2024
279,Germain,Colloff,gcolloff7q@bluehost.com,Male,basic,9/21/2024
280,Flint,Chubb,fchubb7r@bloglines.com,Male,basic,5/12/2024
281,Melodee,Truesdale,mtruesdale7s@alibaba.com,Female,basic,7/15/2024
282,Flossie,Davenport,fdavenport7t@goodreads.com,Female,premium,12/13/2023
283,Anthia,Smale,asmale7u@tiny.cc,Female,basic,9/7/2024
284,Standford,Fitzroy,sfitzroy7v@gnu.org,Male,basic,11/22/2023
285,Charisse,Goggan,cgoggan7w@deliciousdays.com,Female,premium,6/27/2024
286,Darren,Buney,dbuney7x@techcrunch.com,Male,basic,7/25/2024
287,Meridith,Bradneck,mbradneck7y@marketwatch.com,Female,premium,7/21/2024
288,Britteny,Notley,bnotley7z@lulu.com,Female,basic,1/21/2024
289,Francisca,Kenningham,fkenningham80@bigcartel.com,Female,basic,1/27/2024
290,Lenna,Jarrard,ljarrard81@ftc.gov,Female,basic,4/19/2024
291,Mariele,Kimbury,mkimbury82@auda.org.au,Female,premium,1/15/2024
292,Sky,Jockle,sjockle83@addtoany.com,Male,basic,9/28/2024
293,Stephannie,Bruford,sbruford84@netscape.com,Female,basic,3/6/2024
294,Brewer,Dolder,bdolder85@sfgate.com,Male,premium,12/22/2023
295,Velma,Wilkinson,vwilkinson86@bizjournals.com,Female,basic,7/17/2024
296,Danna,Hovington,dhovington87@businessinsider.com,Female,basic,10/4/2024
297,Junie,Ofener,jofener88@earthlink.net,Female,basic,11/26/2023
298,Reeta,Sharratt,rsharratt89@skype.com,Female,basic,11/12/2023
299,Courtney,Sellors,csellors8a@shutterfly.com,Male,basic,6/8/2024
300,Stearn,Varfalameev,svarfalameev8b@eventbrite.com,Male,premium,10/23/2024
301,Abbey,Ilchenko,ailchenko8c@adobe.com,Male,premium,9/4/2024
302,Lexi,Dict,ldict8d@domainmarket.com,Female,premium,5/25/2024
303,Vito,Allcroft,vallcroft8e@xing.com,Male,premium,4/16/2024
304,Sinclair,Vinten,svinten8f@telegraph.co.uk,Male,premium,9/28/2024
305,Milt,Hallum,mhallum8g@ft.com,Male,premium,6/1/2024
306,Jackie,MacMickan,jmacmickan8h@arstechnica.com,Male,basic,7/10/2024
307,Fabe,Boyles,fboyles8i@meetup.com,Male,premium,8/25/2024
308,Anthony,Cursons,acursons8j@yale.edu,Male,premium,11/19/2023
309,Rich,Gauche,rgauche8k@exblog.jp,Male,basic,5/24/2024
310,Kandy,Lamb-shine,klambshine8l@redcross.org,Female,basic,7/4/2024
311,Levin,Geillier,lgeillier8m@squidoo.com,Non-binary,basic,10/14/2024
312,Rafferty,Branchett,rbranchett8n@statcounter.com,Male,basic,8/8/2024
313,Andee,Dugall,adugall8o@dmoz.org,Female,basic,6/5/2024
314,Hana,Custy,hcusty8p@unesco.org,Female,premium,4/7/2024
315,Marlyn,Ayers,mayers8q@dailymail.co.uk,Female,basic,3/1/2024
316,Kirby,Pennicott,kpennicott8r@forbes.com,Bigender,premium,4/16/2024
317,Angelique,Madigan,amadigan8s@tamu.edu,Female,basic,7/9/2024
318,Ezechiel,Faiers,efaiers8t@jiathis.com,Male,basic,3/19/2024
319,Kelvin,Infantino,kinfantino8u@quantcast.com,Male,premium,12/8/2023
320,Howie,Sollowaye,hsollowaye8v@huffingtonpost.com,Male,basic,5/26/2024
321,Sutherlan,Whickman,swhickman8w@uiuc.edu,Male,premium,7/31/2024
322,Concordia,Dunning,cdunning8x@blogs.com,Female,basic,11/6/2023
323,Mart,Halewood,mhalewood8y@1und1.de,Male,premium,8/30/2024
324,Augusta,Kleeman,akleeman8z@issuu.com,Female,premium,6/15/2024
325,Guthrie,Santello,gsantello90@free.fr,Male,basic,9/17/2024
326,Ashly,Llewelly,allewelly91@ucoz.ru,Female,premium,5/25/2024
327,Glynda,Bartzen,gbartzen92@hud.gov,Female,basic,12/18/2023
328,Stearne,Zute,szute93@moonfruit.com,Male,premium,12/30/2023
329,Curr,Barron,cbarron94@japanpost.jp,Male,basic,5/29/2024
330,Willie,Lambricht,wlambricht95@mediafire.com,Male,premium,2/24/2024
331,Chaim,Etridge,cetridge96@163.com,Male,premium,9/20/2024
332,Annetta,Cornes,acornes97@constantcontact.com,Female,basic,12/9/2023
333,Caty,Roback,croback98@livejournal.com,Female,premium,9/16/2024
334,Michael,Farlowe,mfarlowe99@etsy.com,Polygender,basic,10/20/2024
335,Barde,Dobrowski,bdobrowski9a@census.gov,Male,premium,12/2/2023
336,Kelci,Arnell,karnell9b@adobe.com,Female,premium,9/3/2024
337,Ulrikaumeko,McComish,umccomish9c@yellowpages.com,Female,basic,10/11/2024
338,Julia,Hollyman,jhollyman9d@prnewswire.com,Female,basic,4/4/2024
339,Andreas,McAlarney,amcalarney9e@homestead.com,Male,premium,1/10/2024
340,Barclay,Andrey,bandrey9f@mapy.cz,Male,basic,10/30/2024
341,Berte,Custed,bcusted9g@ihg.com,Female,basic,8/23/2024
342,Hertha,Grane,hgrane9h@addtoany.com,Female,basic,4/20/2024
343,Annissa,Breckenridge,abreckenridge9i@google.ru,Female,basic,4/22/2024
344,Mara,Gyde,mgyde9j@army.mil,Female,premium,8/31/2024
345,Genevieve,Leyfield,gleyfield9k@list-manage.com,Female,basic,12/26/2023
346,Philbert,Elleyne,pelleyne9l@lycos.com,Male,premium,11/20/2023
347,Dorothy,Thomazin,dthomazin9m@illinois.edu,Non-binary,basic,7/11/2024
348,Rodolfo,Mottershaw,rmottershaw9n@blogs.com,Male,premium,11/4/2024
349,Abie,Anfosso,aanfosso9o@comsenz.com,Genderqueer,premium,5/31/2024
350,Robyn,Byles,rbyles9p@gizmodo.com,Female,basic,5/7/2024
351,Barth,Monkton,bmonkton9q@booking.com,Male,premium,10/18/2024
352,Garry,Redhills,gredhills9r@tmall.com,Male,premium,10/7/2024
353,Basilius,Bouzan,bbouzan9s@booking.com,Male,premium,10/26/2024
354,Lisetta,Domingues,ldomingues9t@naver.com,Female,premium,2/11/2024
355,Odey,Cullivan,ocullivan9u@ask.com,Male,basic,12/23/2023
356,Korry,Dahlman,kdahlman9v@icq.com,Female,basic,3/29/2024
357,Avram,Brewett,abrewett9w@senate.gov,Male,premium,4/22/2024
358,Wayne,Steljes,wsteljes9x@shareasale.com,Bigender,basic,8/21/2024
359,Demetrius,Milner,dmilner9y@sakura.ne.jp,Male,premium,6/22/2024
360,Konstantin,Bittany,kbittany9z@posterous.com,Male,premium,6/19/2024
361,Madison,Elgar,melgara0@google.fr,Male,basic,4/28/2024
362,Arlin,Menchenton,amenchentona1@census.gov,Agender,premium,2/4/2024
363,Rurik,Waszkiewicz,rwaszkiewicza2@psu.edu,Male,basic,1/19/2024
364,Tanhya,Russilll,trussillla3@blog.com,Female,premium,6/22/2024
365,Anastasie,Lismer,alismera4@fema.gov,Female,premium,9/8/2024
366,Jarrad,Chafney,jchafneya5@answers.com,Male,premium,5/8/2024
367,Babara,Cabane,bcabanea6@technorati.com,Female,basic,5/28/2024
368,Chickie,Meachen,cmeachena7@pcworld.com,Male,premium,7/29/2024
369,Sissy,Gabriely,sgabrielya8@utexas.edu,Female,premium,2/2/2024
370,Claudius,Donaher,cdonahera9@cocolog-nifty.com,Male,basic,3/14/2024
371,Bink,Worstall,bworstallaa@ebay.co.uk,Male,premium,9/24/2024
372,Anabal,Gentreau,agentreauab@4shared.com,Female,premium,11/5/2023
373,Dallis,Silveston,dsilvestonac@comsenz.com,Male,basic,5/11/2024
374,Tate,Estick,testickad@jiathis.com,Female,basic,3/2/2024
375,Nadeen,Beardon,nbeardonae@naver.com,Female,premium,12/4/2023
376,Vaclav,Giacomelli,vgiacomelliaf@discuz.net,Male,basic,11/12/2023
377,Bruno,Kirvin,bkirvinag@g.co,Male,basic,10/9/2024
378,Quill,Denyukhin,qdenyukhinah@pen.io,Male,premium,10/11/2024
379,Dewain,Savine,dsavineai@washington.edu,Bigender,premium,8/20/2024
380,Briney,MacLice,bmacliceaj@wordpress.com,Female,premium,6/29/2024
381,Yorgo,Hamby,yhambyak@dmoz.org,Male,premium,2/6/2024
382,Sarene,Gorton,sgortonal@acquirethisname.com,Female,basic,3/21/2024
383,Demetris,Knappen,dknappenam@latimes.com,Female,premium,2/21/2024
384,Parsifal,Popping,ppoppingan@merriam-webster.com,Male,basic,11/4/2024
385,Hallie,Edgecombe,hedgecombeao@jiathis.com,Female,basic,1/16/2024
386,Ivory,Owain,iowainap@weebly.com,Female,basic,10/1/2024
387,Milicent,Birtwistle,mbirtwistleaq@youku.com,Female,premium,5/28/2024
388,Fionnula,Goucher,fgoucherar@ca.gov,Female,basic,11/9/2023
389,Kinny,Birks,kbirksas@paginegialle.it,Male,premium,7/28/2024
390,Merrill,Bryden,mbrydenat@goodreads.com,Female,premium,3/21/2024
391,Giraud,Stannislawski,gstannislawskiau@umn.edu,Male,basic,11/19/2023
392,Quinn,Maun,qmaunav@tinyurl.com,Male,premium,4/24/2024
393,Henka,Cecchi,hcecchiaw@fc2.com,Female,basic,1/1/2024
394,Ferdinande,Heake,fheakeax@thetimes.co.uk,Genderfluid,premium,2/9/2024
395,Simonne,Label,slabelay@cyberchimps.com,Female,premium,12/31/2023
396,Emmanuel,Endrizzi,eendrizziaz@cdbaby.com,Male,premium,10/25/2024
397,Franky,Cutress,fcutressb0@csmonitor.com,Male,premium,12/12/2023
398,Tallulah,Backsal,tbacksalb1@hugedomains.com,Female,basic,4/24/2024
399,Nessa,Fernley,nfernleyb2@furl.net,Female,premium,4/5/2024
400,Robbi,Milksop,rmilksopb3@mail.ru,Female,premium,11/9/2023
401,Emera,Drain,edrainb4@examiner.com,Female,premium,11/6/2023
402,Jeanna,Clemow,jclemowb5@nhs.uk,Female,basic,1/30/2024
403,Swen,Charman,scharmanb6@chronoengine.com,Male,premium,9/8/2024
404,Michael,Aggas,maggasb7@scribd.com,Male,basic,8/14/2024
405,Andeee,Pankettman,apankettmanb8@google.com.au,Female,premium,3/13/2024
406,Trix,Kilsby,tkilsbyb9@ezinearticles.com,Female,premium,5/21/2024
407,Aura,Ornils,aornilsba@spiegel.de,Female,basic,7/14/2024
408,Kirstin,Ellcome,kellcomebb@craigslist.org,Female,basic,11/30/2023
409,Gwennie,Cornier,gcornierbc@sourceforge.net,Genderqueer,basic,6/17/2024
410,Prince,Kinny,pkinnybd@eepurl.com,Male,premium,3/30/2024
411,Berna,Frontczak,bfrontczakbe@instagram.com,Female,premium,7/21/2024
412,Fons,Rhyme,frhymebf@google.de,Male,premium,7/14/2024
413,Broderic,Isselee,bisseleebg@paypal.com,Male,premium,2/5/2024
414,Selig,Skyram,sskyrambh@nasa.gov,Male,premium,10/20/2024
415,Karlotte,Moyne,kmoynebi@sphinn.com,Female,premium,1/25/2024
416,Abigael,Parslow,aparslowbj@disqus.com,Female,basic,10/18/2024
417,Farrell,Winmill,fwinmillbk@github.io,Male,basic,12/16/2023
418,Allayne,Thomasen,athomasenbl@narod.ru,Male,premium,9/10/2024
419,Godart,Coat,gcoatbm@pinterest.com,Male,premium,7/17/2024
420,Kurt,Tousey,ktouseybn@yandex.ru,Male,basic,9/22/2024
421,Ryan,Hungerford,rhungerfordbo@google.de,Male,basic,1/2/2024
422,Trenna,Dowley,tdowleybp@usatoday.com,Female,premium,9/18/2024
423,Durward,Peegrem,dpeegrembq@bigcartel.com,Male,premium,11/18/2023
424,Angelle,Kinnach,akinnachbr@timesonline.co.uk,Female,premium,10/3/2024
425,Halley,Chestle,hchestlebs@hexun.com,Bigender,basic,8/9/2024
426,Thedrick,Tippell,ttippellbt@omniture.com,Male,basic,11/7/2023
427,Godart,Marthen,gmarthenbu@seesaa.net,Male,basic,8/23/2024
428,Marlowe,Pembridge,mpembridgebv@cnbc.com,Male,basic,1/11/2024
429,Ewen,Weinmann,eweinmannbw@meetup.com,Male,premium,3/27/2024
430,Marlon,Theuff,mtheuffbx@mashable.com,Bigender,premium,8/22/2024
431,Wanda,Paramor,wparamorby@canalblog.com,Female,premium,5/20/2024
432,Kathye,Andryushchenko,kandryushchenkobz@godaddy.com,Female,premium,1/3/2024
433,Bruno,Murden,bmurdenc0@sogou.com,Male,premium,5/8/2024
434,Reinhard,Drinkel,rdrinkelc1@ucoz.ru,Male,premium,11/15/2023
435,Ondrea,Kytter,okytterc2@weibo.com,Female,basic,1/2/2024
436,Tammy,Vaskov,tvaskovc3@va.gov,Female,basic,5/13/2024
437,Roger,Primett,rprimettc4@prnewswire.com,Male,premium,8/12/2024
438,Susanne,Treble,streblec5@mtv.com,Female,premium,2/23/2024
439,Paige,McMyler,pmcmylerc6@google.nl,Male,premium,2/18/2024
440,Dar,Coarser,dcoarserc7@edublogs.org,Male,basic,10/29/2024
441,Marge,Woolcocks,mwoolcocksc8@i2i.jp,Female,premium,5/1/2024
442,Johnny,Goulthorp,jgoulthorpc9@t.co,Male,premium,7/26/2024
443,Alysia,Echalier,aechalierca@t.co,Bigender,basic,12/7/2023
444,Ralina,Mallya,rmallyacb@vkontakte.ru,Female,basic,5/16/2024
445,Jodi,Dearn,jdearncc@yellowpages.com,Male,premium,8/15/2024
446,Rodrigo,Gwinnel,rgwinnelcd@ed.gov,Male,basic,7/27/2024
447,Tobie,Gosnell,tgosnellce@google.es,Male,premium,11/15/2023
448,Hank,Jenoure,hjenourecf@craigslist.org,Male,premium,2/20/2024
449,Annette,Bigland,abiglandcg@list-manage.com,Female,basic,9/7/2024
450,Rayner,Drover,rdroverch@sourceforge.net,Male,premium,1/8/2024
451,Judah,Bardey,jbardeyci@census.gov,Male,basic,3/1/2024
452,Haskel,Ambroisin,hambroisincj@reverbnation.com,Male,basic,7/26/2024
453,Barbabas,Dedman,bdedmanck@newsvine.com,Male,premium,2/10/2024
454,Aldus,Poleykett,apoleykettcl@chronoengine.com,Male,basic,2/19/2024
455,Marshal,Birdall,mbirdallcm@opera.com,Male,premium,2/26/2024
456,Jacobo,Kopje,jkopjecn@skyrock.com,Male,basic,4/3/2024
457,Kym,Donovan,kdonovanco@loc.gov,Female,premium,7/7/2024
458,Bartlett,Graeber,bgraebercp@storify.com,Male,premium,4/28/2024
459,Shane,Deaton,sdeatoncq@wunderground.com,Male,basic,6/2/2024
460,Christina,Vassman,cvassmancr@ebay.com,Female,basic,8/22/2024
461,Catarina,Caress,ccaresscs@stumbleupon.com,Female,premium,9/2/2024
462,Madge,Klehn,mklehnct@deviantart.com,Female,basic,3/23/2024
463,Iolande,Hardison,ihardisoncu@sogou.com,Female,basic,12/12/2023
464,Yves,Ferrey,yferreycv@aboutads.info,Male,basic,8/16/2024
465,Lexie,Riseley,lriseleycw@google.fr,Polygender,basic,4/16/2024
466,Fiorenze,Roath,froathcx@sitemeter.com,Female,premium,11/18/2023
467,Shaughn,Bedder,sbeddercy@google.co.uk,Male,premium,8/24/2024
468,Hal,Beatey,hbeateycz@nyu.edu,Male,premium,4/5/2024
469,Fairleigh,Almack,falmackd0@elegantthemes.com,Male,basic,2/23/2024
470,Ketty,Cardno,kcardnod1@fc2.com,Agender,basic,7/7/2024
471,Gabbie,Aitchison,gaitchisond2@who.int,Male,basic,9/13/2024
472,Debby,Raffles,drafflesd3@tiny.cc,Female,basic,12/1/2023
473,Rosette,Bolan,rboland4@salon.com,Female,basic,5/25/2024
474,Crosby,Itscovitz,citscovitzd5@si.edu,Male,basic,5/9/2024
475,Tim,Gonzalvo,tgonzalvod6@seesaa.net,Female,premium,3/19/2024
476,Johannah,Morriss,jmorrissd7@purevolume.com,Female,premium,11/14/2023
477,Elspeth,Beahan,ebeahand8@clickbank.net,Female,premium,3/18/2024
478,Kylen,Edlestone,kedlestoned9@hhs.gov,Female,premium,12/5/2023
479,Ruprecht,MacIlraith,rmacilraithda@photobucket.com,Male,basic,1/20/2024
480,Beret,Ewart,bewartdb@princeton.edu,Female,premium,12/30/2023
481,Jehu,Gunner,jgunnerdc@stanford.edu,Male,basic,4/17/2024
482,Aluin,Fairlie,afairliedd@prlog.org,Male,premium,6/10/2024
483,Alyosha,Buchan,abuchande@nymag.com,Male,basic,4/22/2024
484,Joy,Phippen,jphippendf@cafepress.com,Female,premium,9/20/2024
485,Thedric,Boness,tbonessdg@dmoz.org,Male,basic,10/1/2024
486,Rica,McCurtain,rmccurtaindh@ibm.com,Female,basic,2/11/2024
487,Nathanael,Veness,nvenessdi@studiopress.com,Bigender,premium,6/5/2024
488,Kristel,Raeside,kraesidedj@independent.co.uk,Polygender,basic,6/19/2024
489,Pierrette,Airy,pairydk@bloglines.com,Female,premium,5/7/2024
490,Kiel,Rowbottam,krowbottamdl@prnewswire.com,Male,basic,2/9/2024
491,Carline,Coda,ccodadm@youtu.be,Female,basic,1/30/2024
492,Efrem,Axten,eaxtendn@pbs.org,Male,premium,11/29/2023
493,Axe,Youson,ayousondo@etsy.com,Male,premium,1/6/2024
494,Joey,Champ,jchampdp@trellian.com,Male,basic,8/4/2024
495,Raddy,Rouby,rroubydq@bbb.org,Male,basic,2/13/2024
496,Johanna,Toffoloni,jtoffolonidr@java.com,Female,basic,3/19/2024
497,Hedwiga,Duchesne,hduchesneds@themeforest.net,Female,premium,3/28/2024
498,Jeramey,De Michele,jdemicheledt@posterous.com,Male,basic,10/13/2024
499,Becki,Hugin,bhugindu@edublogs.org,Female,basic,4/13/2024
500,Kimberlee,Viste,kvistedv@wordpress.com,Female,basic,6/19/2024
